{
  "ckpt": "runs/baseline/snapshot_000150.pt",
  "step": 150,
  "eval_batches": 25,
  "bpb": {
    "digit": 3.3855134092376713,
    "d1": 1.8443867467577528,
    "d2": 1.8745874566942973,
    "d3": 1.9182313778403277,
    "d4": 1.8463329718698063,
    "d5_8": 1.9330541934256613,
    "far": 1.9584212093909548,
    "overall": 1.9658855761961453,
    "near_1_8": 1.8984219879877295
  },
  "bytes": {
    "digit": 3958,
    "d1": 7195,
    "d2": 5834,
    "d3": 5697,
    "d4": 5786,
    "d5_8": 20685,
    "far": 344267,
    "near_1_8": 45197
  },
  "probes": {
    "The year was 19": {
      "digit_mass": 0.8505030870437622,
      "digit_entropy_bits": 4.683055400848389,
      "max_digit_entropy_bits": 6.754887502163468,
      "top5": [
        [
          "95",
          0.1038968414068222
        ],
        [
          "2",
          0.07707759737968445
        ],
        [
          "3",
          0.06697230041027069
        ],
        [
          "10",
          0.06638119369745255
        ],
        [
          "94",
          0.06547244638204575
        ]
      ]
    },
    "He scored 2": {
      "digit_mass": 0.008629996329545975,
      "digit_entropy_bits": 3.2687954902648926,
      "max_digit_entropy_bits": 6.754887502163468,
      "top5": [
        [
          "-",
          0.20761318504810333
        ],
        [
          ",",
          0.05183006450533867
        ],
        [
          ":",
          0.039340484887361526
        ],
        [
          ".",
          0.03441718593239784
        ],
        [
          " in",
          0.023791711777448654
        ]
      ]
    },
    "The company reported profits of $1": {
      "digit_mass": 0.061431385576725006,
      "digit_entropy_bits": 1.8011044263839722,
      "max_digit_entropy_bits": 6.754887502163468,
      "top5": [
        [
          ".",
          0.5744612812995911
        ],
        [
          ",",
          0.07433772832155228
        ],
        [
          "0",
          0.045049022883176804
        ],
        [
          " (",
          0.03765706345438957
        ],
        [
          "m",
          0.01539735496044159
        ]
      ]
    },
    "on Sunday, September 1": {
      "digit_mass": 0.008340185508131981,
      "digit_entropy_bits": 3.484440803527832,
      "max_digit_entropy_bits": 6.754887502163468,
      "top5": [
        [
          ",",
          0.20273977518081665
        ],
        [
          ".",
          0.1494106948375702
        ],
        [
          ":",
          0.061857469379901886
        ],
        [
          " (",
          0.05041000247001648
        ],
        [
          "-",
          0.028479956090450287
        ]
      ]
    },
    "at the age of 6": {
      "digit_mass": 0.022076554596424103,
      "digit_entropy_bits": 3.3280551433563232,
      "max_digit_entropy_bits": 6.754887502163468,
      "top5": [
        [
          "-",
          0.1908702403306961
        ],
        [
          ".",
          0.17182983458042145
        ],
        [
          ",",
          0.05498258396983147
        ],
        [
          ":",
          0.023210769519209862
        ],
        [
          "m",
          0.02068999968469143
        ]
      ]
    },
    "The Dow rose 1": {
      "digit_mass": 0.009706431068480015,
      "digit_entropy_bits": 2.5731754302978516,
      "max_digit_entropy_bits": 6.754887502163468,
      "top5": [
        [
          ",",
          0.272583931684494
        ],
        [
          ".",
          0.22969108819961548
        ],
        [
          " in",
          0.0422121025621891
        ],
        [
          "-",
          0.030234694480895996
        ],
        [
          " after",
          0.024476315826177597
        ]
      ]
    }
  }
}