{
  "ckpt": "runs/baseline/snapshot_000300.pt",
  "step": 300,
  "eval_batches": 25,
  "bpb": {
    "digit": 3.2583620652225185,
    "d1": 1.5008433866728,
    "d2": 1.6344286955431413,
    "d3": 1.7346237585723872,
    "d4": 1.6319586561938064,
    "d5_8": 1.6973472318912801,
    "far": 1.750033486388572,
    "overall": 1.7542066593088086,
    "near_1_8": 1.6542716774543635
  },
  "bytes": {
    "digit": 3958,
    "d1": 7195,
    "d2": 5834,
    "d3": 5697,
    "d4": 5786,
    "d5_8": 20685,
    "far": 344267,
    "near_1_8": 45197
  },
  "probes": {
    "The year was 19": {
      "digit_mass": 0.40527960658073425,
      "digit_entropy_bits": 4.736187934875488,
      "max_digit_entropy_bits": 6.754887502163468,
      "top5": [
        [
          "th",
          0.12654097378253937
        ],
        [
          ",",
          0.12135809659957886
        ],
        [
          "99",
          0.051299337297677994
        ],
        [
          "0",
          0.05052810162305832
        ],
        [
          "94",
          0.041849058121442795
        ]
      ]
    },
    "He scored 2": {
      "digit_mass": 0.0006926029454916716,
      "digit_entropy_bits": 1.9011226892471313,
      "max_digit_entropy_bits": 6.754887502163468,
      "top5": [
        [
          "-",
          0.4046570062637329
        ],
        [
          " points",
          0.08200668543577194
        ],
        [
          ",",
          0.04908250644803047
        ],
        [
          " of",
          0.04747911915183067
        ],
        [
          " to",
          0.04723924770951271
        ]
      ]
    },
    "The company reported profits of $1": {
      "digit_mass": 0.009611338376998901,
      "digit_entropy_bits": 2.1893227100372314,
      "max_digit_entropy_bits": 6.754887502163468,
      "top5": [
        [
          ".",
          0.554743766784668
        ],
        [
          ",",
          0.17427892982959747
        ],
        [
          ";",
          0.029033692553639412
        ],
        [
          " billion",
          0.026012729853391647
        ],
        [
          "m",
          0.023022320121526718
        ]
      ]
    },
    "on Sunday, September 1": {
      "digit_mass": 0.00020819393103010952,
      "digit_entropy_bits": 4.875694751739502,
      "max_digit_entropy_bits": 6.754887502163468,
      "top5": [
        [
          ",",
          0.4803171157836914
        ],
        [
          ".",
          0.13732171058654785
        ],
        [
          "-",
          0.10627898573875427
        ],
        [
          ":",
          0.04362920671701431
        ],
        [
          "st",
          0.018625540658831596
        ]
      ]
    },
    "at the age of 6": {
      "digit_mass": 0.0016057878965511918,
      "digit_entropy_bits": 5.016118049621582,
      "max_digit_entropy_bits": 6.754887502163468,
      "top5": [
        [
          ",",
          0.3269936740398407
        ],
        [
          "-",
          0.11286619305610657
        ],
        [
          ".",
          0.060745719820261
        ],
        [
          ":",
          0.02902314066886902
        ],
        [
          "m",
          0.014360031113028526
        ]
      ]
    },
    "The Dow rose 1": {
      "digit_mass": 0.0030710971914231777,
      "digit_entropy_bits": 3.9864494800567627,
      "max_digit_entropy_bits": 6.754887502163468,
      "top5": [
        [
          ",",
          0.3044297993183136
        ],
        [
          ".",
          0.24632443487644196
        ],
        [
          "-",
          0.07113444060087204
        ],
        [
          " percent",
          0.05221697315573692
        ],
        [
          " in",
          0.03373529762029648
        ]
      ]
    }
  }
}