{
  "ckpt": "runs/baseline/ckpt.pt",
  "step": 500,
  "eval_batches": 55,
  "bpb": {
    "digit": 2.8741908179218263,
    "d1": 1.2868563076402848,
    "d2": 1.4173206258196815,
    "d3": 1.5064866071270848,
    "d4": 1.4715947447574842,
    "d5_8": 1.4960024250806088,
    "far": 1.5783607022891222,
    "overall": 1.5765432271575324,
    "near_1_8": 1.4510776405732435
  },
  "bytes": {
    "digit": 8341,
    "d1": 15408,
    "d2": 12465,
    "d3": 12238,
    "d4": 12266,
    "d5_8": 44994,
    "far": 766465,
    "near_1_8": 97371
  },
  "probes": {
    "The year was 19": {
      "digit_mass": 0.23862722516059875,
      "digit_entropy_bits": 4.603865623474121,
      "max_digit_entropy_bits": 6.754887502163468,
      "top5": [
        [
          "-year",
          0.14155519008636475
        ],
        [
          ",",
          0.10765182226896286
        ],
        [
          "th",
          0.0829622820019722
        ],
        [
          ".",
          0.06441347301006317
        ],
        [
          "-",
          0.061636749655008316
        ]
      ]
    },
    "He scored 2": {
      "digit_mass": 0.0006775833899155259,
      "digit_entropy_bits": 2.9491519927978516,
      "max_digit_entropy_bits": 6.754887502163468,
      "top5": [
        [
          " points",
          0.5293775796890259
        ],
        [
          "-",
          0.12215448915958405
        ],
        [
          " of",
          0.062480438500642776
        ],
        [
          " to",
          0.047535691410303116
        ],
        [
          ":",
          0.019763754680752754
        ]
      ]
    },
    "The company reported profits of $1": {
      "digit_mass": 0.008651484735310078,
      "digit_entropy_bits": 2.8520009517669678,
      "max_digit_entropy_bits": 6.754887502163468,
      "top5": [
        [
          ".",
          0.6912729740142822
        ],
        [
          " million",
          0.06389709562063217
        ],
        [
          ",",
          0.06161483749747276
        ],
        [
          " billion",
          0.03677390515804291
        ],
        [
          "M",
          0.021736139431595802
        ]
      ]
    },
    "on Sunday, September 1": {
      "digit_mass": 6.644495442742482e-05,
      "digit_entropy_bits": 4.140021324157715,
      "max_digit_entropy_bits": 6.754887502163468,
      "top5": [
        [
          ",",
          0.46494540572166443
        ],
        [
          ".",
          0.20118385553359985
        ],
        [
          ":",
          0.16217954456806183
        ],
        [
          " in",
          0.03028741106390953
        ],
        [
          "-",
          0.01799960434436798
        ]
      ]
    },
    "at the age of 6": {
      "digit_mass": 0.001390325604006648,
      "digit_entropy_bits": 4.820565700531006,
      "max_digit_entropy_bits": 6.754887502163468,
      "top5": [
        [
          ",",
          0.28763264417648315
        ],
        [
          ".",
          0.22888986766338348
        ],
        [
          "-",
          0.07252272218465805
        ],
        [
          ":",
          0.025941839441657066
        ],
        [
          " in",
          0.023228835314512253
        ]
      ]
    },
    "The Dow rose 1": {
      "digit_mass": 0.0007945197285152972,
      "digit_entropy_bits": 3.495079278945923,
      "max_digit_entropy_bits": 6.754887502163468,
      "top5": [
        [
          ".",
          0.5358280539512634
        ],
        [
          ",",
          0.21206653118133545
        ],
        [
          "/",
          0.03693326190114021
        ],
        [
          " in",
          0.030492516234517097
        ],
        [
          " percent",
          0.024643106386065483
        ]
      ]
    }
  }
}