{
  "digit": {
    "tokens": 5340,
    "bytes": 8341,
    "delta_bpb": 1.2045018877114668,
    "se_bpb": 0.022902723867272663,
    "z": 52.59208008147299
  },
  "d1": {
    "tokens": 4287,
    "bytes": 15408,
    "delta_bpb": 0.06639485758739382,
    "se_bpb": 0.006097343466438421,
    "z": 10.889145076515817
  },
  "d2": {
    "tokens": 3285,
    "bytes": 12465,
    "delta_bpb": 0.00509921921803062,
    "se_bpb": 0.005339372983957504,
    "z": 0.9550221034101866
  },
  "d3": {
    "tokens": 3113,
    "bytes": 12238,
    "delta_bpb": -0.001095135672795527,
    "se_bpb": 0.005074378341068768,
    "z": -0.21581671668669253
  },
  "d4": {
    "tokens": 3025,
    "bytes": 12266,
    "delta_bpb": -0.0013122100793503204,
    "se_bpb": 0.005129391634280669,
    "z": -0.25582177632539865
  },
  "d5_8": {
    "tokens": 11250,
    "bytes": 44994,
    "delta_bpb": 0.004618794899588176,
    "se_bpb": 0.002683824138646356,
    "z": 1.7209752431535115
  },
  "far": {
    "tokens": 191826,
    "bytes": 766465,
    "delta_bpb": 0.0037473439746499686,
    "se_bpb": 0.0006164294926341587,
    "z": 6.0791120792041
  }
}