{
  "ckpt": "runs/scrambled/snapshot_000150.pt",
  "step": 150,
  "eval_batches": 25,
  "bpb": {
    "digit": 4.514550434427289,
    "d1": 1.9301044053517182,
    "d2": 1.886735068299119,
    "d3": 1.9191021336406968,
    "d4": 1.8360763118534464,
    "d5_8": 1.9331748827875705,
    "far": 1.957654283038413,
    "overall": 1.9781889576826082,
    "near_1_8": 1.9124875197725217
  },
  "bytes": {
    "digit": 3958,
    "d1": 7195,
    "d2": 5834,
    "d3": 5697,
    "d4": 5786,
    "d5_8": 20685,
    "far": 344267,
    "near_1_8": 45197
  },
  "probes": {
    "The year was 19": {
      "digit_mass": 0.48421019315719604,
      "digit_entropy_bits": 5.062222480773926,
      "max_digit_entropy_bits": 6.754887502163468,
      "top5": [
        [
          "4",
          0.05295788124203682
        ],
        [
          "6",
          0.049905069172382355
        ],
        [
          "1",
          0.049197521060705185
        ],
        [
          "0",
          0.049184102565050125
        ],
        [
          "-",
          0.048317715525627136
        ]
      ]
    },
    "He scored 2": {
      "digit_mass": 0.0212465338408947,
      "digit_entropy_bits": 3.9674103260040283,
      "max_digit_entropy_bits": 6.754887502163468,
      "top5": [
        [
          "-",
          0.17495280504226685
        ],
        [
          ",",
          0.08431466668844223
        ],
        [
          "th",
          0.056394804269075394
        ],
        [
          "-under",
          0.047897472977638245
        ],
        [
          "-yard",
          0.03805723786354065
        ]
      ]
    },
    "The company reported profits of $1": {
      "digit_mass": 0.058061160147190094,
      "digit_entropy_bits": 2.9188451766967773,
      "max_digit_entropy_bits": 6.754887502163468,
      "top5": [
        [
          " million",
          0.26374003291130066
        ],
        [
          ".",
          0.16450011730194092
        ],
        [
          " billion",
          0.11616791784763336
        ],
        [
          "m",
          0.07563264667987823
        ],
        [
          "bn",
          0.034122079610824585
        ]
      ]
    },
    "on Sunday, September 1": {
      "digit_mass": 0.031792350113391876,
      "digit_entropy_bits": 3.599053144454956,
      "max_digit_entropy_bits": 6.754887502163468,
      "top5": [
        [
          ",",
          0.09384498000144958
        ],
        [
          "-",
          0.08887132257223129
        ],
        [
          ".",
          0.0837407261133194
        ],
        [
          "th",
          0.03037528321146965
        ],
        [
          ":",
          0.025915075093507767
        ]
      ]
    },
    "at the age of 6": {
      "digit_mass": 0.019491011276841164,
      "digit_entropy_bits": 4.167518138885498,
      "max_digit_entropy_bits": 6.754887502163468,
      "top5": [
        [
          ",",
          0.09395962208509445
        ],
        [
          "-",
          0.08932571113109589
        ],
        [
          ".",
          0.05878118798136711
        ],
        [
          "th",
          0.032115209847688675
        ],
        [
          "-under",
          0.023234490305185318
        ]
      ]
    },
    "The Dow rose 1": {
      "digit_mass": 0.050102777779102325,
      "digit_entropy_bits": 3.6464450359344482,
      "max_digit_entropy_bits": 6.754887502163468,
      "top5": [
        [
          "-",
          0.13440825045108795
        ],
        [
          ",",
          0.13308441638946533
        ],
        [
          ".",
          0.09217090904712677
        ],
        [
          " percent",
          0.0440799705684185
        ],
        [
          "th",
          0.04305524751543999
        ]
      ]
    }
  }
}