{
  "ckpt": "runs/scrambled/ckpt.pt",
  "step": 500,
  "eval_batches": 55,
  "bpb": {
    "digit": 4.078692705633293,
    "d1": 1.3532511652276784,
    "d2": 1.4224198450377121,
    "d3": 1.5053914714542893,
    "d4": 1.4702825346781339,
    "d5_8": 1.500621219980197,
    "far": 1.5821080462637722,
    "overall": 1.5928058116979478,
    "near_1_8": 1.4640680992495887
  },
  "bytes": {
    "digit": 8341,
    "d1": 15408,
    "d2": 12465,
    "d3": 12238,
    "d4": 12266,
    "d5_8": 44994,
    "far": 766465,
    "near_1_8": 97371
  },
  "probes": {
    "The year was 19": {
      "digit_mass": 0.3368556499481201,
      "digit_entropy_bits": 4.730931282043457,
      "max_digit_entropy_bits": 6.754887502163468,
      "top5": [
        [
          ".",
          0.09861133992671967
        ],
        [
          ",",
          0.05594542622566223
        ],
        [
          "3",
          0.047694239765405655
        ],
        [
          "7",
          0.040598176419734955
        ],
        [
          " of",
          0.03510461375117302
        ]
      ]
    },
    "He scored 2": {
      "digit_mass": 0.009477424435317516,
      "digit_entropy_bits": 2.525014638900757,
      "max_digit_entropy_bits": 6.754887502163468,
      "top5": [
        [
          " points",
          0.5975870490074158
        ],
        [
          "-",
          0.06389074772596359
        ],
        [
          ",",
          0.036186303943395615
        ],
        [
          " lead",
          0.03276651352643967
        ],
        [
          " yards",
          0.02475295402109623
        ]
      ]
    },
    "The company reported profits of $1": {
      "digit_mass": 0.006544051691889763,
      "digit_entropy_bits": 2.685453176498413,
      "max_digit_entropy_bits": 6.754887502163468,
      "top5": [
        [
          ".",
          0.648189127445221
        ],
        [
          " million",
          0.12645326554775238
        ],
        [
          " billion",
          0.07470425218343735
        ],
        [
          ",",
          0.037670206278562546
        ],
        [
          "m",
          0.03487927094101906
        ]
      ]
    },
    "on Sunday, September 1": {
      "digit_mass": 0.0025339429266750813,
      "digit_entropy_bits": 3.989006757736206,
      "max_digit_entropy_bits": 6.754887502163468,
      "top5": [
        [
          ".",
          0.2938881516456604
        ],
        [
          ",",
          0.2632482647895813
        ],
        [
          ":",
          0.06923656910657883
        ],
        [
          "-",
          0.023241804912686348
        ],
        [
          " in",
          0.0211164727807045
        ]
      ]
    },
    "at the age of 6": {
      "digit_mass": 0.004529957659542561,
      "digit_entropy_bits": 5.0482258796691895,
      "max_digit_entropy_bits": 6.754887502163468,
      "top5": [
        [
          ".",
          0.34689998626708984
        ],
        [
          ",",
          0.18571245670318604
        ],
        [
          ":",
          0.020077461376786232
        ],
        [
          " in",
          0.014173434115946293
        ],
        [
          "th",
          0.013148999772965908
        ]
      ]
    },
    "The Dow rose 1": {
      "digit_mass": 0.0013918937183916569,
      "digit_entropy_bits": 2.899994134902954,
      "max_digit_entropy_bits": 6.754887502163468,
      "top5": [
        [
          ".",
          0.7127333283424377
        ],
        [
          ",",
          0.07107570767402649
        ],
        [
          " percent",
          0.0546315535902977
        ],
        [
          " in",
          0.02531907707452774
        ],
        [
          " (",
          0.020200051367282867
        ]
      ]
    }
  }
}