{
  "ckpt": "runs/scrambled/snapshot_000300.pt",
  "step": 300,
  "eval_batches": 25,
  "bpb": {
    "digit": 4.310184643118428,
    "d1": 1.5488332705136483,
    "d2": 1.6445408876698642,
    "d3": 1.7387513497477125,
    "d4": 1.6212460998349545,
    "d5_8": 1.698611051364302,
    "far": 1.751590078357927,
    "overall": 1.7671468428663144,
    "near_1_8": 1.6629438434108468
  },
  "bytes": {
    "digit": 3958,
    "d1": 7195,
    "d2": 5834,
    "d3": 5697,
    "d4": 5786,
    "d5_8": 20685,
    "far": 344267,
    "near_1_8": 45197
  },
  "probes": {
    "The year was 19": {
      "digit_mass": 0.4721184968948364,
      "digit_entropy_bits": 4.877187728881836,
      "max_digit_entropy_bits": 6.754887502163468,
      "top5": [
        [
          "7",
          0.12162771075963974
        ],
        [
          "-",
          0.06575723737478256
        ],
        [
          "3",
          0.0470353402197361
        ],
        [
          "2",
          0.03791440650820732
        ],
        [
          "th",
          0.03737800195813179
        ]
      ]
    },
    "He scored 2": {
      "digit_mass": 0.00014683575136587024,
      "digit_entropy_bits": 2.9688329696655273,
      "max_digit_entropy_bits": 6.754887502163468,
      "top5": [
        [
          " points",
          0.36395055055618286
        ],
        [
          " yards",
          0.10185633599758148
        ],
        [
          ",",
          0.07833749055862427
        ],
        [
          "-",
          0.0674094706773758
        ],
        [
          "-m",
          0.05019311606884003
        ]
      ]
    },
    "The company reported profits of $1": {
      "digit_mass": 0.006009978242218494,
      "digit_entropy_bits": 2.505319833755493,
      "max_digit_entropy_bits": 6.754887502163468,
      "top5": [
        [
          ".",
          0.6091485023498535
        ],
        [
          ",",
          0.07744793593883514
        ],
        [
          " billion",
          0.07255362719297409
        ],
        [
          " million",
          0.05723225325345993
        ],
        [
          "m",
          0.023947173729538918
        ]
      ]
    },
    "on Sunday, September 1": {
      "digit_mass": 0.007995686493813992,
      "digit_entropy_bits": 5.8611369132995605,
      "max_digit_entropy_bits": 6.754887502163468,
      "top5": [
        [
          ",",
          0.30011460185050964
        ],
        [
          ".",
          0.1618235856294632
        ],
        [
          ":",
          0.08294237405061722
        ],
        [
          "-",
          0.054859843105077744
        ],
        [
          " to",
          0.014943764545023441
        ]
      ]
    },
    "at the age of 6": {
      "digit_mass": 0.0040363771840929985,
      "digit_entropy_bits": 5.505503177642822,
      "max_digit_entropy_bits": 6.754887502163468,
      "top5": [
        [
          ".",
          0.27562734484672546
        ],
        [
          ",",
          0.2438732236623764
        ],
        [
          "-",
          0.01662556268274784
        ],
        [
          "th",
          0.014972862787544727
        ],
        [
          "'",
          0.01429746299982071
        ]
      ]
    },
    "The Dow rose 1": {
      "digit_mass": 0.0023303795605897903,
      "digit_entropy_bits": 2.804901599884033,
      "max_digit_entropy_bits": 6.754887502163468,
      "top5": [
        [
          ".",
          0.41050422191619873
        ],
        [
          " percent",
          0.15840134024620056
        ],
        [
          ",",
          0.14516495168209076
        ],
        [
          "-",
          0.03236943110823631
        ],
        [
          " cents",
          0.02345855161547661
        ]
      ]
    }
  }
}